tests/bench_backchain_heavy_nilbc.metta	benchmarks/bench_backchain_heavy_nilbc.metta
tests/bench_backchain_he.metta	benchmarks/bench_backchain_he.metta
tests/bench_backchain_petta.metta	benchmarks/bench_backchain_petta.metta
tests/bench_backchain_petta_native.metta	benchmarks/bench_backchain_petta_native.metta
tests/bench_conjunction12_he.metta	benchmarks/bench_conjunction12_he.metta
tests/bench_conjunction_he.metta	benchmarks/bench_conjunction_he.metta
tests/bench_duplicate_conjunction_he.metta	benchmarks/bench_duplicate_conjunction_he.metta
tests/bench_fc_d3_count.metta	benchmarks/bench_fc_d3_count.metta
tests/bench_fc_d3_nodup_count.metta	benchmarks/bench_fc_d3_nodup_count.metta
tests/bench_fc_d3_pathmap_count.metta	benchmarks/bench_fc_d3_pathmap_count.metta
tests/bench_fc_d3_pathmap_nodup_count.metta	benchmarks/bench_fc_d3_pathmap_nodup_count.metta
tests/bench_matchjoin3_he.metta	benchmarks/bench_matchjoin3_he.metta
tests/bench_matchjoin3_petta.metta	benchmarks/bench_matchjoin3_petta.metta
tests/bench_matchjoin8_he.metta	benchmarks/bench_matchjoin8_he.metta
tests/bench_matchjoin_he.metta	benchmarks/bench_matchjoin_he.metta
tests/bench_matchjoin_petta.metta	benchmarks/bench_matchjoin_petta.metta
tests/bench_nqueens8_he.metta	benchmarks/bench_nqueens8_he.metta
tests/bench_outcome_variant_fc_d3.metta	benchmarks/bench_outcome_variant_fc_d3.metta
tests/bench_pathmap_fc_d3.metta	benchmarks/bench_pathmap_fc_d3.metta
tests/bench_unique_he.metta	benchmarks/bench_unique_he.metta
tests/bench_unique_petta.metta	benchmarks/bench_unique_petta.metta
tests/bc_depth10_spine_regression.metta	benchmarks/bc_depth10_spine_regression.metta
tests/bc_depth10_spine_regression.expected	benchmarks/bc_depth10_spine_regression.expected
tests/test_lib_parse_metamath_mmtest_compressed_simple_db_v0.metta	benchmarks/test_lib_parse_metamath_mmtest_compressed_simple_db_v0.metta
tests/test_tilepuzzle.metta	benchmarks/test_tilepuzzle.metta
tests/test_tilepuzzle.expected	benchmarks/test_tilepuzzle.expected
tests/test_tilepuzzle_pathmap.metta	benchmarks/test_tilepuzzle_pathmap.metta
perf/baseline_records.tsv	benchmarks/baseline_records.tsv
perf/mork_bridge_ffi_interface_catalog.tsv	benchmarks/mork_bridge_ffi_interface_catalog.tsv
perf/paper_claims_9237afd.tsv	benchmarks/paper_claims_9237afd.tsv
perf/paper_claims_reconciliation_9237afd.tsv	benchmarks/paper_claims_reconciliation_9237afd.tsv
perf/space_interop_case_catalog.tsv	benchmarks/space_interop_case_catalog.tsv
perf/witness_catalog.tsv	benchmarks/witness_catalog.tsv
tests/eqtl_for_mining.metta	benchmarks/data/kb_eqtl_gene_links.metta
tests/bio_refseq_723k.metta	benchmarks/data/kb_refseq_gene_annotations.metta
tests/bio_tfbs_415k.metta	benchmarks/data/kb_tf_binding_sites.metta
tests/bio_multirelational_kb.metta	benchmarks/data/kb_multirelational.metta
tests/bio_multirelational_kb_scaled.metta	benchmarks/data/kb_multirelational_scaled.metta
tests/bio_hetionet_kb.metta	benchmarks/data/kb_hetionet_biomedical_graph.metta
tests/discovered_patterns_1k.metta	benchmarks/data/kb_mined_patterns.metta
tests/bio_kb_chr16.metta	benchmarks/data/kb_chr16_variants.metta
tests/bio_kb_real_100k.metta	benchmarks/data/kb_genomic_sample_100k.metta
tests/support/bio_wmpln_workload_rules.metta	benchmarks/genomic_pln/lib_pln_inference_rules.metta
tests/support/bio_wmpln_rulebase_1m.metta	benchmarks/genomic_pln/lib_pln_bridge_rules.metta
tests/support/bio_wmpln_data_1m.metta	benchmarks/genomic_pln/kb_genomic_facts_1m.metta
tests/support/bio_wmpln_data_full_1p4m.metta	benchmarks/genomic_pln/kb_genomic_facts_1_4m.metta
tests/support/bio_wmpln_core_1m.metta	benchmarks/genomic_pln/workload_genomic_pln_1m.metta
tests/support/bio_wmpln_core_full_1p4m.metta	benchmarks/genomic_pln/workload_genomic_pln_1_4m.metta
tests/support/bio_wmpln_core_1m_petta_flat.metta	benchmarks/genomic_pln/workload_genomic_pln_1m_petta_flat.metta
tests/test_bio_wmpln_checkpoint_full_1p4m.metta	benchmarks/genomic_pln/bench_drug_hypothesis_1_4m.metta
tests/test_bio_wmpln_checkpoint_regression.metta	benchmarks/genomic_pln/bench_drug_hypothesis_1m.metta
tests/test_bio_wmpln_checkpoint_regression.expected	benchmarks/genomic_pln/bench_drug_hypothesis_1m.expected
tests/test_bio_wmpln_checkpoint_petta_full_1p4m.metta	benchmarks/genomic_pln/bench_drug_hypothesis_1_4m_petta.metta
tests/test_bio_wmpln_checkpoint_petta_flat.metta	benchmarks/genomic_pln/bench_drug_hypothesis_petta_flat.metta
tests/test_bio_wmpln_checkpoint_petta_top.metta	benchmarks/genomic_pln/bench_drug_hypothesis_petta_top.metta
tests/test_bio_wmpln_flat_loader_probe.metta	benchmarks/genomic_pln/test_flat_loader.metta
tests/test_bio_wmpln_pathway_route_regression.metta	benchmarks/genomic_pln/test_proof_route_convergence.metta
tests/test_bio_wmpln_pathway_route_regression.expected	benchmarks/genomic_pln/test_proof_route_convergence.expected
tests/test_bio_wmpln_revise_stv_tuple_stack_regression.metta	benchmarks/genomic_pln/test_stv_revision.metta
tests/test_bio_wmpln_revise_stv_tuple_stack_regression.expected	benchmarks/genomic_pln/test_stv_revision.expected
tests/test_bio_wmpln_supported_key_unique_regression.metta	benchmarks/genomic_pln/test_hypothesis_key_uniqueness.metta
tests/test_bio_wmpln_supported_key_unique_regression.expected	benchmarks/genomic_pln/test_hypothesis_key_uniqueness.expected
