name	origin	path	status	atoms
hexlife.mm2	cetta-benchmarks	$AIHUB/hyperon/cetta-shared-opt-audit-20260807/benchmarks/chaining_crossengine/12_hexlife/hexlife.mm2	runs	15
hexlife_structural.mm2	cetta-benchmarks	$AIHUB/hyperon/cetta-shared-opt-audit-20260807/benchmarks/chaining_crossengine/12_hexlife/hexlife_structural.mm2	runs	15
bc_impl_equiv.mm2	cetta-examples	$AIHUB/hyperon/cetta-shared-opt-audit-20260807/examples/bc_impl_equiv.mm2	runs	4
bc_mammal_lassie.mm2	cetta-examples	$AIHUB/hyperon/cetta-shared-opt-audit-20260807/examples/bc_mammal_lassie.mm2	runs	6
bc_roman_4node.mm2	cetta-examples	$AIHUB/hyperon/cetta-shared-opt-audit-20260807/examples/bc_roman_4node.mm2	runs	12
bc_socrates_pln.mm2	cetta-examples	$AIHUB/hyperon/cetta-shared-opt-audit-20260807/examples/bc_socrates_pln.mm2	runs	6
bench_pure_mm2_3hop_scored.mm2	cetta-examples	$AIHUB/hyperon/cetta-shared-opt-audit-20260807/examples/bench_pure_mm2_3hop_scored.mm2	runs	354
counterfactual_orchard_pure.mm2	cetta-examples	$AIHUB/hyperon/cetta-shared-opt-audit-20260807/examples/counterfactual_orchard_pure.mm2	runs	20
mm2_exec_basic.mm2	cetta-tests	$AIHUB/hyperon/cetta-shared-opt-audit-20260807/tests/mm2_exec_basic.mm2	runs	3
mm2_kiss_act_join.mm2	cetta-tests	$AIHUB/hyperon/cetta-shared-opt-audit-20260807/tests/mm2_kiss_act_join.mm2	runs	6
mm2_kiss_add_remove.mm2	cetta-tests	$AIHUB/hyperon/cetta-shared-opt-audit-20260807/tests/mm2_kiss_add_remove.mm2	runs	1
mm2_kiss_count_groupby.mm2	cetta-tests	$AIHUB/hyperon/cetta-shared-opt-audit-20260807/tests/mm2_kiss_count_groupby.mm2	runs	9
mm2_kiss_fractal_priority.mm2	cetta-tests	$AIHUB/hyperon/cetta-shared-opt-audit-20260807/tests/mm2_kiss_fractal_priority.mm2	runs	5
mm2_kiss_priority.mm2	cetta-tests	$AIHUB/hyperon/cetta-shared-opt-audit-20260807/tests/mm2_kiss_priority.mm2	runs	1
test10_conjunctive_wq.mm2	cetta-conformance	$AIHUB/hyperon/cetta-shared-opt-audit-20260807/tests/support/mork_mm2/test10_conjunctive_wq.mm2	runs	1
test3_var_binding.mm2	cetta-conformance	$AIHUB/hyperon/cetta-shared-opt-audit-20260807/tests/support/mork_mm2/test3_var_binding.mm2	runs	1
test4_conjunctive.mm2	cetta-conformance	$AIHUB/hyperon/cetta-shared-opt-audit-20260807/tests/support/mork_mm2/test4_conjunctive.mm2	runs	1
test5_equal_pair.mm2	cetta-conformance	$AIHUB/hyperon/cetta-shared-opt-audit-20260807/tests/support/mork_mm2/test5_equal_pair.mm2	runs	2
test6_no_match.mm2	cetta-conformance	$AIHUB/hyperon/cetta-shared-opt-audit-20260807/tests/support/mork_mm2/test6_no_match.mm2	runs	1
test7_nested.mm2	cetta-conformance	$AIHUB/hyperon/cetta-shared-opt-audit-20260807/tests/support/mork_mm2/test7_nested.mm2	runs	1
test8_multi_step.mm2	cetta-conformance	$AIHUB/hyperon/cetta-shared-opt-audit-20260807/tests/support/mork_mm2/test8_multi_step.mm2	runs	3
test9_priority_ordering.mm2	cetta-conformance	$AIHUB/hyperon/cetta-shared-opt-audit-20260807/tests/support/mork_mm2/test9_priority_ordering.mm2	runs	1
test_add_constant.mm2	cetta-conformance	$AIHUB/hyperon/cetta-shared-opt-audit-20260807/tests/support/mork_mm2/test_add_constant.mm2	runs	1
test_add_simple.mm2	cetta-conformance	$AIHUB/hyperon/cetta-shared-opt-audit-20260807/tests/support/mork_mm2/test_add_simple.mm2	runs	3
test_bulk_remove.mm2	cetta-conformance	$AIHUB/hyperon/cetta-shared-opt-audit-20260807/tests/support/mork_mm2/test_bulk_remove.mm2	runs	1
test_count_simple.mm2	cetta-conformance	$AIHUB/hyperon/cetta-shared-opt-audit-20260807/tests/support/mork_mm2/test_count_simple.mm2	runs	6
test_head_limit.mm2	cetta-conformance	$AIHUB/hyperon/cetta-shared-opt-audit-20260807/tests/support/mork_mm2/test_head_limit.mm2	runs	15
test_remove_simple.mm2	cetta-conformance	$AIHUB/hyperon/cetta-shared-opt-audit-20260807/tests/support/mork_mm2/test_remove_simple.mm2	runs	1
test_var_scope_across_exprs.mm2	cetta-conformance	$AIHUB/hyperon/cetta-shared-opt-audit-20260807/tests/support/mork_mm2/test_var_scope_across_exprs.mm2	runs	4
disjoint.mm2	mm2-chainer	$AIHUB/repos/mm2-chainer/examples/disjoint.mm2	fork-skip	0
revise_proofs_simple_sink.mm2	mm2-chainer	$AIHUB/repos/mm2-chainer/examples/revise_proofs_simple_sink.mm2	fork-skip	0
revise_proofs_symbolic.mm2	mm2-chainer	$AIHUB/repos/mm2-chainer/examples/revise_proofs_symbolic.mm2	fork-skip	0
ancestor.mm2	mork-upstream	$AIHUB/hyperon/MORK/kernel/resources/ancestor.mm2	runs	60
counter_machine_5.mm2	mork-upstream	$AIHUB/hyperon/MORK/kernel/resources/counter_machine_5.mm2	runs	325
decision_tree_learning.mm2	mork-upstream	$AIHUB/hyperon/MORK/kernel/resources/decision_tree_learning.mm2	mork-panic	0
decision_tree_learning_without_min_sink.mm2	mork-upstream	$AIHUB/hyperon/MORK/kernel/resources/decision_tree_learning_without_min_sink.mm2	runs	243
grounding.mm2	mork-upstream	$AIHUB/hyperon/MORK/kernel/resources/grounding.mm2	runs	12
ip_sudoku.mm2	mork-upstream	$AIHUB/hyperon/MORK/kernel/resources/ip_sudoku.mm2	runs	102
odd_even_sort.mm2	mork-upstream	$AIHUB/hyperon/MORK/kernel/resources/odd_even_sort.mm2	runs	28
std.mm2	mork-upstream	$AIHUB/hyperon/MORK/kernel/resources/std.mm2	runs	253
string_convert.mm2	mork-upstream	$AIHUB/hyperon/MORK/kernel/resources/string_convert.mm2	runs	3
transitive.mm2	mork-upstream	$AIHUB/hyperon/MORK/kernel/resources/transitive.mm2	runs	32
zip_add.mm2	mork-upstream	$AIHUB/hyperon/MORK/kernel/resources/zip_add.mm2	runs	0
